email,password
jcripps0@businesswire.com,O5vvta
lcramond1@usda.gov,JroYzBOY
lbolland2@eepurl.com,zv58dNO
ilamswood3@about.com,YrsD68V8i6xg
kpollington4@163.com,H6j4PAjPIQJ
shove5@nasa.gov,PvxOKuI6TCof
raxel6@marketwatch.com,3IVdPML
emarishenko7@sina.com.cn,OYsN3vtljJFG
rbretherton8@ocn.ne.jp,wwHUp5qZgC
uspurriar9@oaic.gov.au,sMW0tJ20U4
cpendera@theglobeandmail.com,jGMid8RiFw1
jmcnairb@seattletimes.com,BpheOFTf
rseemmondsc@independent.co.uk,fFOjqhB
sprobettsd@sun.com,6oreusjcRs
omcbethe@businessinsider.com,rddWBq6LEB
ewoollettf@myspace.com,SqSBvp
vcamillettig@meetup.com,jjkfQIX
lcrowterh@sogou.com,vtzEkoees6wO
mcornieri@mtv.com,FUmRqh9dM
wcattermullj@nih.gov,5kd8q8
sbrodiek@apple.com,GeqJTQmBSj
zhaslegravel@xing.com,WHyth6M0
cwolfitm@diigo.com,0ww12Z4T3TX0
aolesenn@europa.eu,tf7TPdEeU
dhalsallo@cargocollective.com,X4yhTihfD
htorrap@github.com,5cCoU9dVz
jgrgicq@amazon.co.jp,m0YD1oX3v
tmuncasterr@indiatimes.com,FErbZV
ewykeys@edublogs.org,hxfTY0ZMLBrC
bcastelynt@discovery.com,PKSLY2
pfanthamu@google.com.hk,7F3QAUI
fescolmev@histats.com,e1Kx35
tcarlillw@google.pl,50y4NUMI
dblincox@macromedia.com,0ykfXm
mkirschy@so-net.ne.jp,appG09y4
areaperz@state.tx.us,75L5JZPq
adahlman10@twitpic.com,6L6YJc7OGDj7
jkiehl11@cornell.edu,un0WL5xAjG
mmacallester12@earthlink.net,AlOckc18Uj
cingliby13@live.com,NiGewpkb
rwinkett14@addtoany.com,oQK8RJkBK
sbarendtsen15@yandex.ru,SLEIu117
vtenny16@spiegel.de,3PlSdl7IJ9
cdannel17@imdb.com,9uMWmAw
rdorsett18@google.co.uk,YA9JzJbQZSz
dsharvill19@epa.gov,VBqTcTc1
hdemcak1a@microsoft.com,WJ0aTy7ZBdJ
mtart1b@umn.edu,tm7ph6
cdearlove1c@blogger.com,aeSwUsLZA4zy
dclench1d@merriam-webster.com,IlH7ycwCWPOq
